Book ID,Title,Author,Publication Year,Publisher,Rating,Genre
1,The Lost City,A. J. Finn,2018,HarperCollins,4.2,Mystery
2,The Nightingale,Kristin Hannah,2015,St. Martin's Press,4.5,Historical Fiction
3,The Girl on the Train,Paula Hawkins,2015,Riverhead Books,3.9,Thriller
4,The Alchemist,Paulo Coelho,1988,HarperOne,4.4,Fiction
5,Gone Girl,Gillian Flynn,2012,Crown Publishing Group,4.1,Thriller
6,The Martian,Andy Weir,2011,Crown Publishing Group,4.3,Science Fiction
7,The Hunger Games,Suzanne Collins,2008,Scholastic,4.3,Young Adult
8,The Harry Potter Series,J. K. Rowling,1997-2007,Bloomsbury,4.5,Fantasy
9,The Lord of the Rings,J. R. R. Tolkien,1954,George Allen & Unwin,4.5,Fantasy
10,The Hitchhiker's Guide to the Galaxy,Douglas Adams,1979,Pan Books,4.2,Science Fiction
11,The Book Thief,Markus Zusak,2005,Knopf,4.4,Historical Fiction
12,The Kite Runner,Khaled Hosseini,2003,Riverhead Books,4.3,Historical Fiction
13,The Help,Kathryn Stockett,2009,Random House,4.4,Historical Fiction
14,The Time Traveler's Wife,Audrey Niffenegger,2003,Random House,4.2,Fantasy
15,The Fault in Our Stars,John Green,2012,Dutton,4.3,Young Adult
16,The Shack,William P. Young,2007,Windblown Media,4.2,Christian Fiction
17,The Da Vinci Code,Dan Brown,2003,Doubleday,4.1,Thriller
18,The Notebook,Nicholas Sparks,1996,Warner Books,4.3,Romance
19,The Curious Incident of the Dog in the Night-Time,Mark Haddon,2003,Doubleday,4.3,Fiction
20,The Giver,Lois Lowry,1993,Houghton Mifflin Harcourt,4.2,Young Adult
21,The Girl with the Dragon Tattoo,Stieg Larsson,2005,Knopf,4.3,Thriller
22,The Secret Life of Bees,Sue Monk Kidd,2002,Viking Adult,4.2,Historical Fiction
23,The Chronicles of Narnia,C. S. Lewis,1950-1956,HarperCollins,4.3,Fantasy
24,The Count of Monte Cristo,Alexandre Dumas,1844,Lemaitre,4.2,Adventure
25,The Great Gatsby,F. Scott Fitzgerald,1925,Charles Scribner's Sons,4.4,Fiction
26,The Absolutely True Diary of a Part-Time Indian,Sherman Alexie,2007, Brown Young Readers,4.3,Fiction
27,The Color Purple,Alice Walker,1982,Harcourt Brace Jovanovich,4.2,Fiction
28,The Nightingale,Kristin Hannah,2015,St. Martin's Press,4.5,Historical Fiction
29,The Girl on the Train,Paula Hawkins,2015,Riverhead Books,3.9,Thriller
30,The Alchemist,Paulo Coelho,1988,HarperOne,4.4,Fiction
31,Gone Girl,Gillian Flynn,2012,Crown Publishing Group,4.1,Thriller
32,The Martian,Andy Weir,2011,Crown Publishing Group,4.3,Science Fiction
33,The Hunger Games,Suzanne Collins,2008,Scholastic,4.3,Young Adult
34,The Harry Potter Series,J. K. Rowling,1997-2007,Bloomsbury,4.5,Fantasy
35,The Lord of the Rings,J. R. R. Tolkien,1954,George Allen & Unwin,4.5,Fantasy
36,The Hitchhiker's Guide to the Galaxy,Douglas Adams,1979,Pan Books,4.2,Science Fiction
37,The Book Thief,Markus Zusak,2005,Knopf,4.4,Historical Fiction
38,The Kite Runner,Khaled Hosseini,2003,Riverhead Books,4.3,Historical Fiction
39,The Help,Kathryn Stockett,2009,Random House,4.4,Historical Fiction
40,The Time Traveler's Wife,Audrey Niffenegger,2003,Random House,4.2,Fantasy
41,The Fault in Our Stars,John Green,2012,Dutton,4.3,Young Adult
42,The Shack,William P. Young,2007,Windblown Media,4.2,Christian Fiction
43,The Da Vinci Code,Dan Brown,2003,Doubleday,4.1,Thriller
44,The Notebook,Nicholas Sparks,1996,Warner Books,4.3,Romance
45,The Curious Incident of the Dog in the Night-Time,Mark Haddon,2003,Doubleday,4.3,Fiction
46,The Giver,Lois Lowry,1993,Houghton Mifflin Harcourt,4.2,Young Adult
47,The Girl with the Dragon Tattoo,Stieg Larsson,2005,Knopf,4.3,Thriller
48,The Secret Life of Bees,Sue Monk Kidd,2002,Viking Adult,4.2,Historical Fiction
49,The Chronicles of Narnia,C. S. Lewis,1950-1956,HarperCollins,4.3,Fantasy
50,The Count of Monte Cristo,Alexandre Dumas,1844,Lemaitre,4.2,Adventure
51,The Great Gatsby,F. Scott Fitzgerald,1925,Charles Scribner's Sons,4.4,Fiction
52,The Da Vinci Code,Dan Brown,2003,Doubleday,4.1,Thriller
53,The Shack,William P. Young,2007,Windblown Media,4.2,Christian Fiction
54,The Notebook,Nicholas Sparks,1996,Warner Books,4.3,Romance
55,The Curious Incident of the Dog in the Night-Time,Mark Haddon,2003,Doubleday,4.3,Fiction
56,The Giver,Lois Lowry,1993,Houghton Mifflin Harcourt,4.2,Young Adult
57,The Girl with the Dragon Tattoo,Stieg Larsson,2005,Knopf,4.3,Thriller
58,The Secret Life of Bees,Sue Monk Kidd,2002,Viking Adult,4.2,Historical Fiction
59,The Chronicles of Narnia,C. S. Lewis,1950-1956,HarperCollins,4.3,Fantasy
60,The Count of Monte Cristo,Alexandre Dumas,1844,Lemaitre,4.2,Adventure
61,The Lost City,A. J. Finn,2018,HarperCollins,4.2,Mystery
62,The Nightingale,Kristin Hannah,2015,St. Martin's Press,4.5,Historical Fiction
63,The Girl on the Train,Paula Hawkins,2015,Riverhead Books,3.9,Thriller
64,The Alchemist,Paulo Coelho,1988,HarperOne,4.4,Fiction
65,Gone Girl,Gillian Flynn,2012,Crown Publishing Group,4.1,Thriller
66,The Martian,Andy Weir,2011,Crown Publishing Group,4.3,Science Fiction
67,The Hunger Games,Suzanne Collins,2008,Scholastic,4.3,Young Adult
68,The Harry Potter Series,J. K. Rowling,1997-2007,Bloomsbury,4.5,Fantasy
69,The Lord of the Rings,J. R. R. Tolkien,1954,George Allen & Unwin,4.5,Fantasy
70,The Hitchhiker's Guide to the Galaxy,Douglas Adams,1979,Pan Books,4.2,Science Fiction
71,The Book Thief,Markus Zusak,2005,Knopf,4.4,Historical Fiction
72,The Kite Runner,Khaled Hosseini,2003,Riverhead Books,4.3,Historical Fiction
73,The Help,Kathryn Stockett,2009,Random House,4.4,Historical Fiction
74,The Time Traveler's Wife,Audrey Niffenegger,2003,Random House,4.2,Fantasy
75,The Fault in Our Stars,John Green,2012,Dutton,4.3,Young Adult
76,The Shack,William P. Young,2007,Windblown Media,4.2,Christian Fiction
77,The Da Vinci Code,Dan Brown,2003,Doubleday,4.1,Thriller
78,The Notebook,Nicholas Sparks,1996,Warner Books,4.3,Romance
79,The Curious Incident of the Dog in the Night-Time,Mark Haddon,2003,Doubleday,4.3,Fiction
80,The Giver,Lois Lowry,1993,Houghton Mifflin Harcourt,4.2,Young Adult
81,The Girl with the Dragon Tattoo,Stieg Larsson,2005,Knopf,4.3,Thriller
82,The Secret Life of Bees,Sue Monk Kidd,2002,Viking Adult,4.2,Historical Fiction
83,The Chronicles of Narnia,C. S. Lewis,1950-1956,HarperCollins,4.3,Fantasy
84,The Count of Monte Cristo,Alexandre Dumas,1844,Lemaitre,4.2,Adventure
85,The Great Gatsby,F. Scott Fitzgerald,1925,Charles Scribner's Sons,4.4,Fiction
86,The Book Thief,Markus Zusak,2005,Knopf,4.4,Historical Fiction
87,The Hitchhiker's Guide to the Galaxy,Douglas Adams,1979,Pan Books,4.2,Science Fiction
88,Where the Crawdads Sing,Delia Owens,2018,G.P. Putnam's Sons,4.4,Fiction
89,Anxious People,Fredrik Backman,2019,Scout Press,4.3,Fiction
90,Normal People,Sally Rooney,2018,Knopf,4.2,Romance
91,Eleanor Oliphant Is Completely Fine,Gail Honeyman,2017,HarperCollins,4.2,Fiction
92,A Man Called Ove,Fredrik Backman,2012,Atria Books,4.5,Fiction
93,The Silent Patient,Alex Michaelides,2019,Celadon Books,4.4,Thriller
94,Little Fires Everywhere,Celeste Ng,2017,Penguin Press,4.2,Fiction
95,The Vanishing Half,Britt Bennett,2020,Riverhead Books,4.4,Fiction
96,The Night Circus,Erin Morgenstern,2011,Knopf,4.3,Fantasy
97,The Seven Husbands of Evelyn Hugo,Taylor Jenkins Reid,2017,Atria Books,4.5,Historical Fiction
98,The Invisible Life of Addie LaRue,V. E. Schwab,2020,Tor Books,4.3,Fantasy
99,Project Hail Mary,Andy Weir,2021,Ballantine Books,4.5,Science Fiction
100,The Midnight Library,Matt Haig,2020,Viking,4.3,Fiction
